Funciones,n
Minimalista,6
Personalizable,5
"Luz led que cambie de color dependiendo la temperatura de tu bebida, Colores atractivos, Minimalista",3
"Luz led que cambie de color dependiendo la temperatura de tu bebida, Luz led que cambie de color dependiendo el tipo de bebida que tomas, Hecho de cristal de colores/elegante/de calidad, Forma nunca antes vista, Colores atractivos, Ergonomico, Alto y estrecho, Bajo y angosto, Con glitter y brillos, Minimalista, Personalizable",3
"Hecho de cristal de colores/elegante/de calidad, Personalizable",2
Luz led que cambie de color dependiendo el tipo de bebida que tomas,2
"Luz led que cambie de color dependiendo el tipo de bebida que tomas, Colores atractivos, Minimalista",2
Luz led que cambie de color dependiendo la temperatura de tu bebida,2
"Luz led que cambie de color dependiendo la temperatura de tu bebida, Colores atractivos, Alto y estrecho",2
"Luz led que cambie de color dependiendo la temperatura de tu bebida, Forma nunca antes vista, Alto y estrecho, Minimalista",2
"Luz led que cambie de color dependiendo la temperatura de tu bebida, Hecho de cristal de colores/elegante/de calidad",2
"Luz led que cambie de color dependiendo la temperatura de tu bebida, Hecho de cristal de colores/elegante/de calidad, Colores atractivos, Ergonomico",2
"Luz led que cambie de color dependiendo la temperatura de tu bebida, Hecho de cristal de colores/elegante/de calidad, Forma nunca antes vista, Minimalista",2
"Luz led que cambie de color dependiendo la temperatura de tu bebida, Luz led que cambie de color dependiendo el tipo de bebida que tomas",2
"Luz led que cambie de color dependiendo la temperatura de tu bebida, Luz led que cambie de color dependiendo el tipo de bebida que tomas, Forma nunca antes vista, Colores atractivos, Alto y estrecho, Minimalista",2
"Luz led que cambie de color dependiendo la temperatura de tu bebida, Luz led que cambie de color dependiendo el tipo de bebida que tomas, Hecho de cristal de colores/elegante/de calidad, Forma nunca antes vista, Colores atractivos, Ergonomico, Alto y estrecho, Minimalista",2
"Luz led que cambie de color dependiendo la temperatura de tu bebida, Luz led que cambie de color dependiendo el tipo de bebida que tomas, Hecho de cristal de colores/elegante/de calidad, Personalizable",2
"Luz led que cambie de color dependiendo la temperatura de tu bebida, Minimalista",2
Bajo y angosto,1
Colores atractivos,1
"Colores atractivos, Alto y estrecho, Con glitter y brillos, Personalizable",1
"Colores atractivos, Alto y estrecho, Minimalista, Personalizable",1
"Colores atractivos, Con glitter y brillos",1
Ergonomico,1
"Forma nunca antes vista, Colores atractivos, Con glitter y brillos, Minimalista, Personalizable",1
"Forma nunca antes vista, Colores atractivos, Minimalista",1
"Forma nunca antes vista, Ergonomico, Bajo y angosto",1
"Forma nunca antes vista, Ergonomico, Personalizable",1
"Forma nunca antes vista, Minimalista",1
Hecho de cristal de colores/elegante/de calidad,1
"Hecho de cristal de colores/elegante/de calidad, Colores atractivos, Alto y estrecho, Con glitter y brillos",1
"Hecho de cristal de colores/elegante/de calidad, Colores atractivos, Alto y estrecho, Minimalista",1
"Hecho de cristal de colores/elegante/de calidad, Colores atractivos, Bajo y angosto",1
"Hecho de cristal de colores/elegante/de calidad, Ergonomico, Alto y estrecho",1
"Hecho de cristal de colores/elegante/de calidad, Ergonomico, Bajo y angosto, Minimalista",1
"Hecho de cristal de colores/elegante/de calidad, Forma nunca antes vista",1
"Hecho de cristal de colores/elegante/de calidad, Forma nunca antes vista, Alto y estrecho",1
"Hecho de cristal de colores/elegante/de calidad, Forma nunca antes vista, Colores atractivos",1
"Hecho de cristal de colores/elegante/de calidad, Forma nunca antes vista, Ergonomico, Alto y estrecho",1
"Hecho de cristal de colores/elegante/de calidad, Forma nunca antes vista, Minimalista",1
"Hecho de cristal de colores/elegante/de calidad, Minimalista",1
"Hecho de cristal de colores/elegante/de calidad, Minimalista, Personalizable",1
"Luz led que cambie de color dependiendo el tipo de bebida que tomas, Alto y estrecho, Con glitter y brillos, Minimalista",1
"Luz led que cambie de color dependiendo el tipo de bebida que tomas, Alto y estrecho, Minimalista",1
"Luz led que cambie de color dependiendo el tipo de bebida que tomas, Colores atractivos",1
"Luz led que cambie de color dependiendo el tipo de bebida que tomas, Colores atractivos, Alto y estrecho, Con glitter y brillos, Personalizable",1
"Luz led que cambie de color dependiendo el tipo de bebida que tomas, Forma nunca antes vista, Alto y estrecho, Con glitter y brillos, Minimalista",1
"Luz led que cambie de color dependiendo el tipo de bebida que tomas, Forma nunca antes vista, Colores atractivos",1
"Luz led que cambie de color dependiendo el tipo de bebida que tomas, Forma nunca antes vista, Colores atractivos, Minimalista",1
"Luz led que cambie de color dependiendo el tipo de bebida que tomas, Forma nunca antes vista, Ergonomico, Alto y estrecho",1
"Luz led que cambie de color dependiendo el tipo de bebida que tomas, Hecho de cristal de colores/elegante/de calidad, Alto y estrecho, Con glitter y brillos",1
"Luz led que cambie de color dependiendo el tipo de bebida que tomas, Hecho de cristal de colores/elegante/de calidad, Alto y estrecho, Minimalista",1
"Luz led que cambie de color dependiendo el tipo de bebida que tomas, Hecho de cristal de colores/elegante/de calidad, Bajo y angosto",1
"Luz led que cambie de color dependiendo el tipo de bebida que tomas, Hecho de cristal de colores/elegante/de calidad, Colores atractivos, Alto y estrecho",1
"Luz led que cambie de color dependiendo el tipo de bebida que tomas, Hecho de cristal de colores/elegante/de calidad, Colores atractivos, Ergonomico, Alto y estrecho",1
"Luz led que cambie de color dependiendo el tipo de bebida que tomas, Hecho de cristal de colores/elegante/de calidad, Colores atractivos, Minimalista",1
"Luz led que cambie de color dependiendo el tipo de bebida que tomas, Hecho de cristal de colores/elegante/de calidad, Forma nunca antes vista, Colores atractivos, Ergonomico, Con glitter y brillos",1
"Luz led que cambie de color dependiendo el tipo de bebida que tomas, Hecho de cristal de colores/elegante/de calidad, Forma nunca antes vista, Colores atractivos, Ergonomico, Minimalista",1
"Luz led que cambie de color dependiendo el tipo de bebida que tomas, Hecho de cristal de colores/elegante/de calidad, Forma nunca antes vista, Con glitter y brillos",1
"Luz led que cambie de color dependiendo el tipo de bebida que tomas, Hecho de cristal de colores/elegante/de calidad, Personalizable",1
"Luz led que cambie de color dependiendo el tipo de bebida que tomas, Minimalista",1
"Luz led que cambie de color dependiendo la temperatura de tu bebida, Bajo y angosto",1
"Luz led que cambie de color dependiendo la temperatura de tu bebida, Colores atractivos",1
"Luz led que cambie de color dependiendo la temperatura de tu bebida, Colores atractivos, Alto y estrecho, Con glitter y brillos, Minimalista",1
"Luz led que cambie de color dependiendo la temperatura de tu bebida, Colores atractivos, Ergonomico",1
"Luz led que cambie de color dependiendo la temperatura de tu bebida, Ergonomico",1
"Luz led que cambie de color dependiendo la temperatura de tu bebida, Ergonomico, Minimalista",1
"Luz led que cambie de color dependiendo la temperatura de tu bebida, Ergonomico, Minimalista, Personalizable",1
"Luz led que cambie de color dependiendo la temperatura de tu bebida, Forma nunca antes vista",1
"Luz led que cambie de color dependiendo la temperatura de tu bebida, Forma nunca antes vista, Colores atractivos, Ergonomico, Alto y estrecho",1
"Luz led que cambie de color dependiendo la temperatura de tu bebida, Forma nunca antes vista, Colores atractivos, Ergonomico, Minimalista",1
"Luz led que cambie de color dependiendo la temperatura de tu bebida, Forma nunca antes vista, Ergonomico, Bajo y angosto",1
"Luz led que cambie de color dependiendo la temperatura de tu bebida, Hecho de cristal de colores/elegante/de calidad, Alto y estrecho, Minimalista",1
"Luz led que cambie de color dependiendo la temperatura de tu bebida, Hecho de cristal de colores/elegante/de calidad, Bajo y angosto, Minimalista",1
"Luz led que cambie de color dependiendo la temperatura de tu bebida, Hecho de cristal de colores/elegante/de calidad, Colores atractivos, Alto y estrecho, Personalizable",1
"Luz led que cambie de color dependiendo la temperatura de tu bebida, Hecho de cristal de colores/elegante/de calidad, Colores atractivos, Con glitter y brillos",1
"Luz led que cambie de color dependiendo la temperatura de tu bebida, Hecho de cristal de colores/elegante/de calidad, Colores atractivos, Ergonomico, Bajo y angosto, Minimalista",1
"Luz led que cambie de color dependiendo la temperatura de tu bebida, Hecho de cristal de colores/elegante/de calidad, Con glitter y brillos",1
"Luz led que cambie de color dependiendo la temperatura de tu bebida, Hecho de cristal de colores/elegante/de calidad, Con glitter y brillos, Minimalista",1
"Luz led que cambie de color dependiendo la temperatura de tu bebida, Hecho de cristal de colores/elegante/de calidad, Con glitter y brillos, Minimalista, Personalizable",1
"Luz led que cambie de color dependiendo la temperatura de tu bebida, Hecho de cristal de colores/elegante/de calidad, Ergonomico",1
"Luz led que cambie de color dependiendo la temperatura de tu bebida, Hecho de cristal de colores/elegante/de calidad, Ergonomico, Alto y estrecho",1
"Luz led que cambie de color dependiendo la temperatura de tu bebida, Hecho de cristal de colores/elegante/de calidad, Ergonomico, Alto y estrecho, Minimalista",1
"Luz led que cambie de color dependiendo la temperatura de tu bebida, Hecho de cristal de colores/elegante/de calidad, Ergonomico, Minimalista",1
"Luz led que cambie de color dependiendo la temperatura de tu bebida, Hecho de cristal de colores/elegante/de calidad, Forma nunca antes vista, Colores atractivos",1
"Luz led que cambie de color dependiendo la temperatura de tu bebida, Hecho de cristal de colores/elegante/de calidad, Forma nunca antes vista, Colores atractivos, Ergonomico, Alto y estrecho",1
"Luz led que cambie de color dependiendo la temperatura de tu bebida, Hecho de cristal de colores/elegante/de calidad, Forma nunca antes vista, Colores atractivos, Ergonomico, Alto y estrecho, Personalizable",1
"Luz led que cambie de color dependiendo la temperatura de tu bebida, Hecho de cristal de colores/elegante/de calidad, Forma nunca antes vista, Ergonomico, Personalizable, De figuras curiosas poco comunes: animales, objetos, etc.",1
"Luz led que cambie de color dependiendo la temperatura de tu bebida, Hecho de cristal de colores/elegante/de calidad, Minimalista",1
"Luz led que cambie de color dependiendo la temperatura de tu bebida, Luz led que cambie de color dependiendo el tipo de bebida que tomas, Alto y estrecho",1
"Luz led que cambie de color dependiendo la temperatura de tu bebida, Luz led que cambie de color dependiendo el tipo de bebida que tomas, Bajo y angosto, Minimalista, Personalizable",1
"Luz led que cambie de color dependiendo la temperatura de tu bebida, Luz led que cambie de color dependiendo el tipo de bebida que tomas, Colores atractivos, Alto y estrecho, Con glitter y brillos, Personalizable",1
"Luz led que cambie de color dependiendo la temperatura de tu bebida, Luz led que cambie de color dependiendo el tipo de bebida que tomas, Forma nunca antes vista, Alto y estrecho, Bajo y angosto, Con glitter y brillos",1
"Luz led que cambie de color dependiendo la temperatura de tu bebida, Luz led que cambie de color dependiendo el tipo de bebida que tomas, Forma nunca antes vista, Colores atractivos, Alto y estrecho, Con glitter y brillos, Personalizable",1
"Luz led que cambie de color dependiendo la temperatura de tu bebida, Luz led que cambie de color dependiendo el tipo de bebida que tomas, Forma nunca antes vista, Colores atractivos, Ergonomico, Alto y estrecho, Minimalista",1
"Luz led que cambie de color dependiendo la temperatura de tu bebida, Luz led que cambie de color dependiendo el tipo de bebida que tomas, Forma nunca antes vista, Ergonomico, Con glitter y brillos",1
"Luz led que cambie de color dependiendo la temperatura de tu bebida, Luz led que cambie de color dependiendo el tipo de bebida que tomas, Hecho de cristal de colores/elegante/de calidad, Colores atractivos",1
"Luz led que cambie de color dependiendo la temperatura de tu bebida, Luz led que cambie de color dependiendo el tipo de bebida que tomas, Hecho de cristal de colores/elegante/de calidad, Colores atractivos, Bajo y angosto, Personalizable",1
"Luz led que cambie de color dependiendo la temperatura de tu bebida, Luz led que cambie de color dependiendo el tipo de bebida que tomas, Hecho de cristal de colores/elegante/de calidad, Colores atractivos, Ergonomico, Minimalista",1
"Luz led que cambie de color dependiendo la temperatura de tu bebida, Luz led que cambie de color dependiendo el tipo de bebida que tomas, Hecho de cristal de colores/elegante/de calidad, Con glitter y brillos",1
"Luz led que cambie de color dependiendo la temperatura de tu bebida, Luz led que cambie de color dependiendo el tipo de bebida que tomas, Hecho de cristal de colores/elegante/de calidad, Ergonomico",1
"Luz led que cambie de color dependiendo la temperatura de tu bebida, Luz led que cambie de color dependiendo el tipo de bebida que tomas, Hecho de cristal de colores/elegante/de calidad, Forma nunca antes vista, Colores atractivos",1
"Luz led que cambie de color dependiendo la temperatura de tu bebida, Luz led que cambie de color dependiendo el tipo de bebida que tomas, Hecho de cristal de colores/elegante/de calidad, Forma nunca antes vista, Colores atractivos, Personalizable",1
"Luz led que cambie de color dependiendo la temperatura de tu bebida, Luz led que cambie de color dependiendo el tipo de bebida que tomas, Hecho de cristal de colores/elegante/de calidad, Forma nunca antes vista, Ergonomico",1
"Luz led que cambie de color dependiendo la temperatura de tu bebida, Luz led que cambie de color dependiendo el tipo de bebida que tomas, Hecho de cristal de colores/elegante/de calidad, Forma nunca antes vista, Ergonomico, Alto y estrecho, Con glitter y brillos, Minimalista",1
"Luz led que cambie de color dependiendo la temperatura de tu bebida, Luz led que cambie de color dependiendo el tipo de bebida que tomas, Hecho de cristal de colores/elegante/de calidad, Forma nunca antes vista, Ergonomico, Personalizable",1
"Luz led que cambie de color dependiendo la temperatura de tu bebida, Luz led que cambie de color dependiendo el tipo de bebida que tomas, Hecho de cristal de colores/elegante/de calidad, Forma nunca antes vista, Personalizable",1
"Luz led que cambie de color dependiendo la temperatura de tu bebida, Luz led que cambie de color dependiendo el tipo de bebida que tomas, Hecho de cristal de colores/elegante/de calidad, Minimalista, Personalizable",1
"Luz led que cambie de color dependiendo la temperatura de tu bebida, Luz led que cambie de color dependiendo el tipo de bebida que tomas, Personalizable",1
